Workbook

Sheet Test Cases
B1: Test Cases Template
B6: Project Name: | D6: DeathPixel (HLM) - juego 2D top-down en Godot 4.7.1
B7: Module/Feature: | D7: Juego completo: menús, HUD, armas, sigilo/IA, flow, niveles, tutorial, ajustes
B8: Title: | D8: Plan y ejecución de QA - versión con tutorial, rifle automático, escopeta, cuchillo y sigilo
B9: Author: | D9: Claude (QA automatizado con Godot 4.7.1)
B10: Reviewer: | D10: Alejandro Rivera (pendiente de revisión)
B11: Date: | D11: 2026-09-21
B12: Priority: | D12: High
B13: Last Updated: | D13: 2026-09-21
B15: Test Case | C15: Test Case ID | D15: Test Objective | E15: Preconditions | F15: Test Steps | G15: Test Data | H15: Expected Result | I15: Actual Result | J15: Status | K15: Postconditions | L15: Test Environment | M15: Notes/Comments
B16: Menú principal muestra todas las opciones | C16: MEN_01 | D16: Verificar que el menú principal carga con sus 5 botones | E16: Juego cerrado | F16: 1. Abrir el juego. 2. Observar el menú. | G16: - | H16: Se ven JUGAR, TUTORIAL, AJUSTES, CRÉDITOS y SALIR; título DEATH PIXEL. | I16: As expected | J16: Pass | K16: Menú abierto, mouse visible | L16: Godot 4.7.1 / Windows 11 (sin ventana) | M16: Observado: botones: ["JUGAR", "TUTORIAL", "AJUSTES", "CRÉDITOS", "SALIR"] Automatizado (QA/automation).
B17: Aviso de "¿Primera vez?" al presionar JUGAR | C17: MEN_02 | D17: Recomendar el tutorial a quien no lo ha hecho | E17: tutorial_done = falso (progreso nuevo) | F17: 1. En el menú, presionar JUGAR. | G17: Tutorial no completado | H17: Aparece el aviso con HACER EL TUTORIAL / IR A LOS NIVELES / VOLVER. | I17: As expected | J17: Pass | K17: Aviso visible | L17: Godot 4.7.1 / Windows 11 (sin ventana) | M17: Observado: primera vez: aviso del tutorial visible Automatizado (QA/automation).
B18: JUGAR abre los niveles cuando el tutorial ya se hizo | C18: MEN_03 | D18: Verificar que el aviso no molesta después | E18: tutorial_done = verdadero | F18: 1. Presionar JUGAR. | G18: Tutorial completado | H18: Se abre la pantalla de selección de niveles. | I18: As expected | J18: Pass | K18: Selector de niveles abierto | L18: Godot 4.7.1 / Windows 11 (sin ventana) | M18: Observado: con tutorial hecho JUGAR abre: LevelSelect Automatizado (QA/automation).
B19: Créditos se abren y se cierran | C19: MEN_04 | D19: Verificar la pantalla de créditos | E19: Menú principal abierto | F19: 1. Presionar CRÉDITOS. 2. Presionar REGRESAR. | G19: - | H19: Se muestra el panel de créditos y al regresar se cierra. | I19: As expected | J19: Pass | K19: Menú principal visible | L19: Godot 4.7.1 / Windows 11 (sin ventana) | M19: Observado: créditos abre=true, cierra=true Los nombres del equipo son genéricos ("Equipo DeathPixel"): editar CREDITS en main_menu.gd. Automatizado (QA/automation).
B20: Ajustes es una pantalla propia | C20: MEN_05 | D20: Comprobar que Ajustes no se superpone al menú (defecto reportado) | E20: Menú principal abierto | F20: 1. Presionar AJUSTES. 2. Presionar REGRESAR. | G20: - | H20: Ajustes ocupa toda la pantalla (escena propia) y al regresar vuelve al menú principal. | I20: As expected | J20: Pass | K20: Menú principal abierto | L20: Godot 4.7.1 / Windows 11 (sin ventana) | M20: Observado: ajustes como escena propia=true; al cerrar vuelve a: MainMenu Reporte del usuario: el menú se veía encima. Corregido (anclas y escena propia). Automatizado (QA/automation).
B21: Selector muestra 5 niveles; 4 y 5 no jugables | C21: LVL_01 | D21: Verificar la lista de niveles | E21: Selector abierto | F21: 1. Abrir el selector de niveles. | G21: - | H21: 5 botones; niveles 1-3 jugables; 4 y 5 marcados como PRÓXIMAMENTE. | I21: As expected | J21: Pass | K21: Selector abierto | L21: Godot 4.7.1 / Windows 11 (sin ventana) | M21: Observado: botones=5, jugables=[true, true, true, false, false] Automatizado (QA/automation).
B22: Desbloqueo progresivo de niveles | C22: LVL_02 | D22: Verificar que un nivel se desbloquea al ganar el anterior | E22: Progreso nuevo (solo nivel 1 abierto) | F22: 1. Confirmar nivel 2 bloqueado. 2. Completar el nivel 1. 3. Volver al selector. | G22: unlock_all_levels = falso | H22: Nivel 2 bloqueado al inicio y desbloqueado tras ganar el nivel 1. | I22: As expected | J22: Pass | K22: Progreso guardado | L22: Godot 4.7.1 / Windows 11 (sin ventana) | M22: Observado: nivel 2 bloqueado al inicio=true, desbloqueado tras ganar el 1=true Automatizado (QA/automation).
B23: Selector de dificultad cambia la cantidad de enemigos | C23: LVL_03 | D23: Verificar el selector FÁCIL/NORMAL/DIFÍCIL del selector de niveles | E23: Selector abierto con nivel 3 seleccionado | F23: 1. Presionar DIFÍCIL. 2. Leer "ENEMIGOS". 3. Presionar FÁCIL. 4. Leer "ENEMIGOS". | G23: Nivel 3 | H23: Difícil = 9 enemigos, Fácil = 4 enemigos; el ajuste queda guardado. | I23: As expected | J23: Pass | K23: Dificultad en Fácil | L23: Godot 4.7.1 / Windows 11 (sin ventana) | M23: Observado: nivel 3 -> Difícil: 'ENEMIGOS: 9 ' | Fácil: 'ENEMIGOS: 4 ' Automatizado (QA/automation).
B24: Los 3 niveles se pueden completar | C24: LVL_04 | D24: Recorrer llave -> puerta -> salida -> victoria en cada nivel | E24: Niveles 1, 2 y 3 disponibles | F24: 1. Eliminar a los enemigos de afuera. 2. Recoger la llave que suelta el último. 3. Abrir la puerta con [E]. 4. Llegar a la zona de salida. | G24: Dificultad Normal | H24: En los 3 niveles aparece la pantalla de victoria. | I24: As expected | J24: Pass | K24: Victoria mostrada | L24: Godot 4.7.1 / Windows 11 (sin ventana) | M24: Observado: nivel1/2/3: llave->puerta->salida->victoria = [true, true, true] Nivel 3 era imposible de pasar (la llave caía dentro de la sala cerrada): corregido con el custodio "guards_exit". Automatizado (QA/automation).
B25: Nivel 3: la llave la suelta un enemigo de afuera | C25: LVL_05 | D25: Evitar que la llave quede encerrada | E25: Nivel 3 iniciado | F25: 1. Eliminar a todos los enemigos menos el custodio de la sala cerrada. | G25: Dificultad Normal | H25: Cae 1 llave lejos del custodio (fuera de la sala) y el custodio sigue vivo. | I25: As expected | J25: Pass | K25: Llave en el suelo | L25: Godot 4.7.1 / Windows 11 (sin ventana) | M25: Observado: llaves=1, custodio vivo=true Automatizado (QA/automation).
B26: Vida, corazones, munición y puntaje pasan de nivel | C26: LVL_06 | D26: Verificar la persistencia entre niveles | E26: Jugando el nivel 1 | F26: 1. Dejar vida 45, 2 corazones, 1234 puntos, cargador 7. 2. Completar el nivel y pasar al siguiente. | G26: vida 45 / 2 corazones / 1234 pts | H26: En el nivel 2 se conservan los mismos valores. | I26: As expected | J26: Pass | K26: Nivel 2 en curso | L26: Godot 4.7.1 / Windows 11 (sin ventana) | M26: Observado: nivel=2 vida=45 corazones=2 puntaje=1234 cargador=7 Automatizado (QA/automation).
... B72: La interfaz se adapta a varias resoluciones | C72: UI_01 | D72: Verificar HUD y menús | E72: Modo ventana | F72: 1. Abrir el juego en 1280x720, 1920x1080, 1024x768 y 800x600. 2. Revisar HUD y menú. | G72: 4 resoluciones | H72: Se mantienen las proporciones, sin elementos solapados o cortados. | I72: As expected | J72: Pass | K72: Sin cambios | L72: Godot 4.7.1 / Windows 11 (ventana, RTX 2050) | M72: Observado: Capturas de 1280x720, 1920x1080, 1024x768 y 800x600 revisadas: proporciones intactas, sin solapes. Revisado por capturas de pantalla. A 800x600 el texto pequeño sigue siendo legible pero justo.
B73: Sonidos y música | C73: AUD_01 | D73: Verificar el audio del juego | E73: Juego abierto | F73: 1. Disparar, caminar y abrir menús. | G73: - | H73: Suenan disparos, pasos y música. | J73: Blocked | K73: - | L73: No aplica | M73: BLOQUEADO: el proyecto no tiene archivos de audio (solo los buses Music y SFX están listos).
B74: Control con mando | C74: INP_01 | D74: Verificar soporte de gamepad | E74: Mando conectado | F74: 1. Mover y disparar con el mando. | G74: - | H74: El personaje responde al mando. | J74: Not Executed | K74: - | L74: No aplica | M74: No ejecutado: no hay acciones de mando configuradas.
B75: Juego exportado (.exe) | C75: EXP_01 | D75: Verificar el ejecutable exportado | E75: Plantillas de exportación instaladas | F75: 1. Exportar. 2. Ejecutar el .exe. | G75: - | H75: Se comporta igual que en el editor. | J75: Not Executed | K75: - | L75: No aplica | M75: No ejecutado: solo se probó con Godot 4.7.1 desde el proyecto.
B76: Prueba con jugadores reales (balance y sensación) | C76: UX_01 | D76: Evaluar dificultad, sigilo y comodidad | E76: Al menos 3 jugadores nuevos | F76: 1. Jugar tutorial y niveles 1-3. 2. Anotar dónde se atascan. | G76: - | H76: Entienden el sigilo y el cuchillo sin ayuda; la dificultad se siente justa. | J76: Not Executed | K76: - | L76: No aplica | M76: No ejecutado: requiere personas. Recomendado antes de entregar.

Sheet Resumen
B2: Resumen de la ejecución de QA - DeathPixel
B3: Fecha: 2026-09-21 | Todos los valores de esta hoja se calculan con fórmulas desde la hoja "Test Cases".
B5: Estado | C5: Casos | D5: % del total
B6: Pass | C6: =COUNTIF('Test Cases'!$J$16:$J$76,B6) -> 57 | D6: =IFERROR(C6/$C$10,0) -> 0.93442623
B7: Fail | C7: =COUNTIF('Test Cases'!$J$16:$J$76,B7) -> 0 | D7: =IFERROR(C7/$C$10,0) -> 0
B8: Blocked | C8: =COUNTIF('Test Cases'!$J$16:$J$76,B8) -> 1 | D8: =IFERROR(C8/$C$10,0) -> 0.016393443
B9: Not Executed | C9: =COUNTIF('Test Cases'!$J$16:$J$76,B9) -> 3 | D9: =IFERROR(C9/$C$10,0) -> 0.049180328
B10: Total | C10: =SUM(C6:C9) -> 61 | D10: =IFERROR(C10/C10,0) -> 1
B12: Casos ejecutados (Pass + Fail) | C12: =C6+C7 -> 57
B13: Tasa de éxito sobre lo ejecutado | C13: =IFERROR(C6/C12,0) -> 1
B14: Cobertura ejecutada sobre el plan | C14: =IFERROR(C12/C10,0) -> 0.93442623
B17: Módulo | C17: Descripción | D17: Total | E17: Pass | F17: Fail | G17: Blocked | H17: Not Executed
B18: MEN | C18: Menú principal | D18: =COUNTIF('Test Cases'!$C$16:$C$76,B18&"_*") -> 5 | E18: =COUNTIFS('Test Cases'!$C$16:$C$76,$B18&"_*",'Test Cases'!$J$16:$J$76,"Pass") -> 5 | F18: =COUNTIFS('Test Cases'!$C$16:$C$76,$B18&"_*",'Test Cases'!$J$16:$J$76,"Fail") -> 0 | G18: =COUNTIFS('Test Cases'!$C$16:$C$76,$B18&"_*",'Test Cases'!$J$16:$J$76,"Blocked") -> 0 | H18: =COUNTIFS('Test Cases'!$C$16:$C$76,$B18&"_*",'Test Cases'!$J$16:$J$76,"Not Executed") -> 0
B19: LVL | C19: Niveles y progresión | D19: =COUNTIF('Test Cases'!$C$16:$C$76,B19&"_*") -> 7 | E19: =COUNTIFS('Test Cases'!$C$16:$C$76,$B19&"_*",'Test Cases'!$J$16:$J$76,"Pass") -> 7 | F19: =COUNTIFS('Test Cases'!$C$16:$C$76,$B19&"_*",'Test Cases'!$J$16:$J$76,"Fail") -> 0 | G19: =COUNTIFS('Test Cases'!$C$16:$C$76,$B19&"_*",'Test Cases'!$J$16:$J$76,"Blocked") -> 0 | H19: =COUNTIFS('Test Cases'!$C$16:$C$76,$B19&"_*",'Test Cases'!$J$16:$J$76,"Not Executed") -> 0
B20: SET | C20: Ajustes | D20: =COUNTIF('Test Cases'!$C$16:$C$76,B20&"_*") -> 5 | E20: =COUNTIFS('Test Cases'!$C$16:$C$76,$B20&"_*",'Test Cases'!$J$16:$J$76,"Pass") -> 5 | F20: =COUNTIFS('Test Cases'!$C$16:$C$76,$B20&"_*",'Test Cases'!$J$16:$J$76,"Fail") -> 0 | G20: =COUNTIFS('Test Cases'!$C$16:$C$76,$B20&"_*",'Test Cases'!$J$16:$J$76,"Blocked") -> 0 | H20: =COUNTIFS('Test Cases'!$C$16:$C$76,$B20&"_*",'Test Cases'!$J$16:$J$76,"Not Executed") -> 0
B21: HUD | C21: Interfaz en partida | D21: =COUNTIF('Test Cases'!$C$16:$C$76,B21&"_*") -> 6 | E21: =COUNTIFS('Test Cases'!$C$16:$C$76,$B21&"_*",'Test Cases'!$J$16:$J$76,"Pass") -> 6 | F21: =COUNTIFS('Test Cases'!$C$16:$C$76,$B21&"_*",'Test Cases'!$J$16:$J$76,"Fail") -> 0 | G21: =COUNTIFS('Test Cases'!$C$16:$C$76,$B21&"_*",'Test Cases'!$J$16:$J$76,"Blocked") -> 0 | H21: =COUNTIFS('Test Cases'!$C$16:$C$76,$B21&"_*",'Test Cases'!$J$16:$J$76,"Not Executed") -> 0
B22: WPN | C22: Armas y melee | D22: =COUNTIF('Test Cases'!$C$16:$C$76,B22&"_*") -> 8 | E22: =COUNTIFS('Test Cases'!$C$16:$C$76,$B22&"_*",'Test Cases'!$J$16:$J$76,"Pass") -> 8 | F22: =COUNTIFS('Test Cases'!$C$16:$C$76,$B22&"_*",'Test Cases'!$J$16:$J$76,"Fail") -> 0 | G22: =COUNTIFS('Test Cases'!$C$16:$C$76,$B22&"_*",'Test Cases'!$J$16:$J$76,"Blocked") -> 0 | H22: =COUNTIFS('Test Cases'!$C$16:$C$76,$B22&"_*",'Test Cases'!$J$16:$J$76,"Not Executed") -> 0
B23: AI | C23: Sigilo e IA de enemigos | D23: =COUNTIF('Test Cases'!$C$16:$C$76,B23&"_*") -> 8 | E23: =COUNTIFS('Test Cases'!$C$16:$C$76,$B23&"_*",'Test Cases'!$J$16:$J$76,"Pass") -> 8 | F23: =COUNTIFS('Test Cases'!$C$16:$C$76,$B23&"_*",'Test Cases'!$J$16:$J$76,"Fail") -> 0 | G23: =COUNTIFS('Test Cases'!$C$16:$C$76,$B23&"_*",'Test Cases'!$J$16:$J$76,"Blocked") -> 0 | H23: =COUNTIFS('Test Cases'!$C$16:$C$76,$B23&"_*",'Test Cases'!$J$16:$J$76,"Not Executed") -> 0
B24: FLW | C24: Combo y modo flow | D24: =COUNTIF('Test Cases'!$C$16:$C$76,B24&"_*") -> 3 | E24: =COUNTIFS('Test Cases'!$C$16:$C$76,$B24&"_*",'Test Cases'!$J$16:$J$76,"Pass") -> 3 | F24: =COUNTIFS('Test Cases'!$C$16:$C$76,$B24&"_*",'Test Cases'!$J$16:$J$76,"Fail") -> 0 | G24: =COUNTIFS('Test Cases'!$C$16:$C$76,$B24&"_*",'Test Cases'!$J$16:$J$76,"Blocked") -> 0 | H24: =COUNTIFS('Test Cases'!$C$16:$C$76,$B24&"_*",'Test Cases'!$J$16:$J$76,"Not Executed") -> 0
B25: OBJ | C25: Botín, llave y puertas | D25: =COUNTIF('Test Cases'!$C$16:$C$76,B25&"_*") -> 4 | E25: =COUNTIFS('Test Cases'!$C$16:$C$76,$B25&"_*",'Test Cases'!$J$16:$J$76,"Pass") -> 4 | F25: =COUNTIFS('Test Cases'!$C$16:$C$76,$B25&"_*",'Test Cases'!$J$16:$J$76,"Fail") -> 0 | G25: =COUNTIFS('Test Cases'!$C$16:$C$76,$B25&"_*",'Test Cases'!$J$16:$J$76,"Blocked") -> 0 | H25: =COUNTIFS('Test Cases'!$C$16:$C$76,$B25&"_*",'Test Cases'!$J$16:$J$76,"Not Executed") -> 0
B26: CTL | C26: Mouse y entrada | D26: =COUNTIF('Test Cases'!$C$16:$C$76,B26&"_*") -> 1 | E26: =COUNTIFS('Test Cases'!$C$16:$C$76,$B26&"_*",'Test Cases'!$J$16:$J$76,"Pass") -> 1 | F26: =COUNTIFS('Test Cases'!$C$16:$C$76,$B26&"_*",'Test Cases'!$J$16:$J$76,"Fail") -> 0 | G26: =COUNTIFS('Test Cases'!$C$16:$C$76,$B26&"_*",'Test Cases'!$J$16:$J$76,"Blocked") -> 0 | H26: =COUNTIFS('Test Cases'!$C$16:$C$76,$B26&"_*",'Test Cases'!$J$16:$J$76,"Not Executed") -> 0
B27: PER | C27: Persistencia | D27: =COUNTIF('Test Cases'!$C$16:$C$76,B27&"_*") -> 1 | E27: =COUNTIFS('Test Cases'!$C$16:$C$76,$B27&"_*",'Test Cases'!$J$16:$J$76,"Pass") -> 1 | F27: =COUNTIFS('Test Cases'!$C$16:$C$76,$B27&"_*",'Test Cases'!$J$16:$J$76,"Fail") -> 0 | G27: =COUNTIFS('Test Cases'!$C$16:$C$76,$B27&"_*",'Test Cases'!$J$16:$J$76,"Blocked") -> 0 | H27: =COUNTIFS('Test Cases'!$C$16:$C$76,$B27&"_*",'Test Cases'!$J$16:$J$76,"Not Executed") -> 0
B28: TUT | C28: Tutorial | D28: =COUNTIF('Test Cases'!$C$16:$C$76,B28&"_*") -> 5 | E28: =COUNTIFS('Test Cases'!$C$16:$C$76,$B28&"_*",'Test Cases'!$J$16:$J$76,"Pass") -> 5 | F28: =COUNTIFS('Test Cases'!$C$16:$C$76,$B28&"_*",'Test Cases'!$J$16:$J$76,"Fail") -> 0 | G28: =COUNTIFS('Test Cases'!$C$16:$C$76,$B28&"_*",'Test Cases'!$J$16:$J$76,"Blocked") -> 0 | H28: =COUNTIFS('Test Cases'!$C$16:$C$76,$B28&"_*",'Test Cases'!$J$16:$J$76,"Not Executed") -> 0
B29: STB | C29: Estabilidad y rendimiento | D29: =COUNTIF('Test Cases'!$C$16:$C$76,B29&"_*") -> 3 | E29: =COUNTIFS('Test Cases'!$C$16:$C$76,$B29&"_*",'Test Cases'!$J$16:$J$76,"Pass") -> 3 | F29: =COUNTIFS('Test Cases'!$C$16:$C$76,$B29&"_*",'Test Cases'!$J$16:$J$76,"Fail") -> 0 | G29: =COUNTIFS('Test Cases'!$C$16:$C$76,$B29&"_*",'Test Cases'!$J$16:$J$76,"Blocked") -> 0 | H29: =COUNTIFS('Test Cases'!$C$16:$C$76,$B29&"_*",'Test Cases'!$J$16:$J$76,"Not Executed") -> 0
... B34: UX | C34: Pruebas con jugadores | D34: =COUNTIF('Test Cases'!$C$16:$C$76,B34&"_*") -> 1 | E34: =COUNTIFS('Test Cases'!$C$16:$C$76,$B34&"_*",'Test Cases'!$J$16:$J$76,"Pass") -> 0 | F34: =COUNTIFS('Test Cases'!$C$16:$C$76,$B34&"_*",'Test Cases'!$J$16:$J$76,"Fail") -> 0 | G34: =COUNTIFS('Test Cases'!$C$16:$C$76,$B34&"_*",'Test Cases'!$J$16:$J$76,"Blocked") -> 0 | H34: =COUNTIFS('Test Cases'!$C$16:$C$76,$B34&"_*",'Test Cases'!$J$16:$J$76,"Not Executed") -> 1
B35: Total | D35: =SUM(D18:D34) -> 61 | E35: =SUM(E18:E34) -> 57 | F35: =SUM(F18:F34) -> 0 | G35: =SUM(G18:G34) -> 1 | H35: =SUM(H18:H34) -> 3
B36: Comprobación: el total por módulos debe coincidir con el total por estado. | D36: =IF(D35=C10,"OK","REVISAR") -> OK
B38: CÓMO SE EJECUTÓ
B39: • 55 casos se automatizaron con scripts de Godot 4.7.1 que juegan el juego real (carpeta QA/automation del proyecto): qa_runner.gd (sin ventana) y qa_windowed.gd (con ventana).
B40: • Los casos de interfaz y resoluciones se revisaron además con capturas de pantalla. Las balas, el sigilo, la nota y el tutorial se revisaron visualmente.
B41: • Estado "Blocked": el juego no tiene audio. "Not Executed": mando, exportación y pruebas con personas no se hicieron (ver hoja Defectos y la lista de riesgos).
B42: • Los datos guardados del jugador (progreso y ajustes) se respaldaron antes de cada corrida y se restauraron después.
B43: LO QUE ESTE QA NO PUEDE DECIR
B44: • Si el balance de dificultad y el sigilo "se sienten bien": eso necesita jugadores humanos (caso UX_01).

Sheet Defectos
B2: Defectos y hallazgos de esta ronda de QA
B4: ID | C4: Severidad | D4: Módulo | E4: Descripción | F4: Cómo se encontró | G4: Causa | H4: Estado | I4: Verificado con
B5: DEF-01 | C5: Crítica | D5: Tutorial | E5: El juego se cierra por completo (crash del motor, señal 11) al entrar a la zona de sigilo del tutorial mientras el guardia ya te había detectado. | F5: Caso TUT_01 (recorrido automático del tutorial). | G5: Bucle infinito: la zona se "rearmaba" a sí misma de inmediato y volvía a dispararse hasta desbordar la cola de mensajes del motor. | H5: Corregido | I5: TUT_01, TUT_03
B6: DEF-02 | C6: Menor | D6: HUD | E6: La barra SIGILO mostraba SOSPECHA en lugar de ¡DETECTADO! cuando un enemigo en combate perdía de vista un instante al jugador. | F6: Caso HUD_04. | G6: El HUD solo miraba el nivel de detección, no el estado de combate del enemigo. | H6: Corregido | I6: HUD_04
B7: DEF-03 | C7: Menor | D7: Interfaz | E7: Los nombres de teclas se veían con mayúsculas inconsistentes ("Shift" junto a "R"). | F7: Revisión visual de capturas. | G7: OS.get_keycode_string devuelve el nombre tal cual. | H7: Corregido | I7: Capturas del HUD y la pausa
B8: DEF-04 | C8: Menor | D8: Interfaz | E8: La barra de controles del principio del nivel rozaba la barra de vida. | F8: Revisión visual de capturas. | G8: Posición demasiado alta y ancho excesivo. | H8: Corregido | I8: Capturas del nivel 1
B9: DEF-05 | C9: Baja | D9: Ajustes | E9: En modo sin ventana aparecían errores "Not supported by this display server" al pedir el nombre de una tecla. | F9: Salida de la consola durante TUT_01. | G9: keyboard_get_keycode_from_physical no existe en el servidor de pantalla ficticio. | H9: Corregido | I9: STB_02
B10: TD-01 | C10: Defecto del test | D10: WPN_05 | E10: Falló la primera vez: etiquetas invertidas (Normal/Difícil) y pulsación de 3 frames, demasiado corta sin ventana. | F10: Ejecución 1 del QA. | G10: Script de prueba mal armado. Una sonda independiente en tiempo real confirmó que el juego se comporta bien. | H10: Corregido en el test | I10: WPN_05, WPN_08
B11: TD-02 | C11: Defecto del test | D11: OBJ_01 | E11: Falló la primera vez por exigir un 66% de botiquines cuando la lógica da ~50% con vida baja. | F11: Ejecución 1 del QA. | G11: Umbral del test demasiado estricto (el botín sí prioriza lo que falta). | H11: Corregido en el test | I11: OBJ_01
B12: TD-03 | C12: Defecto del test | D12: CTL_01 | E12: No se puede medir el modo del mouse sin ventana. | F12: Ejecución 1 del QA. | G12: El servidor de pantalla ficticio siempre devuelve el modo 0. | H12: Resuelto ejecutando con ventana | I12: CTL_01 (ventana)
B13: RIESGO-01 | C13: Pendiente | D13: Audio | E13: El juego no tiene ningún sonido: los deslizadores de audio ya funcionan, pero no hay nada que suene. | F13: - | G13: Faltan los archivos de audio. | H13: Abierto | I13: AUD_01 (Blocked)
B14: RIESGO-02 | C14: Pendiente | D14: Balance | E14: No se sabe cómo se siente el sigilo/dificultad para un jugador nuevo. | F14: - | G14: Requiere pruebas con personas. | H14: Abierto | I14: UX_01 (Not Executed)
B15: RIESGO-03 | C15: Pendiente | D15: Entrada / Exportación | E15: No se probó mando ni el ejecutable exportado. | F15: - | G15: No implementado / no ejecutado. | H15: Abierto | I15: INP_01, EXP_01
